coach,team,tenure_id,start_season,end_season,seasons,games,wins,exp_wins_c,woe_wins,abs_win_pct,woe_pct,rank_woe_pct,type_od
Curt Cignetti,James Madison,1,2022,2023,2,23,19,8.132495920535252,10.867504079464748,0.8260869565217391,0.4725001773680325,1,O
Eli Drinkwitz,Appalachian State,2,2019,2019,1,13,12,7.028186946834397,4.971813053165603,0.9230769230769231,0.3824471579358156,2,O
Curt Cignetti,Indiana,3,2024,2025,2,25,19,10.447906230031224,8.552093769968776,0.76,0.34208375079875103,3,O
Jeff Brohm,Western Kentucky,1,2015,2016,2,27,22,12.793923924678781,9.206076075321219,0.8148148148148148,0.3409657805674526,4,O
Jon Sumrall,Troy,3,2022,2023,2,27,23,13.984826101392777,9.015173898607223,0.8518518518518519,0.3338953295780453,5,D
Hugh Freeze,Liberty,2,2019,2022,4,49,34,17.974559600827074,16.025440399172926,0.6938775510204082,0.3270498040647536,6,O
Scott Satterfield,Appalachian State,1,2015,2018,4,51,40,25.208589833686254,14.791410166313746,0.7843137254901961,0.2900276503198774,7,O
Billy Napier,Louisiana,2,2018,2021,4,52,40,25.020993545758206,14.979006454241794,0.7692307692307693,0.2880578164277268,8,O
Matt Campbell,Toledo,1,2015,2015,1,11,9,5.951724246051083,3.048275753948917,0.8181818181818182,0.27711597763171975,9,O
Justin Fuente,Memphis,1,2015,2015,1,12,9,5.6959697756978205,3.3040302243021795,0.75,0.2753358520251816,10,O
Tom Herman,Houston,1,2015,2016,2,26,22,14.911756058634516,7.088243941365484,0.8461538461538461,0.2726247669755955,11,O
Brian Newberry,Navy,2,2023,2025,3,37,22,12.014108986560533,9.985891013439467,0.5945945945945946,0.26988894630917476,12,D
Troy Calhoun,Air Force,1,2015,2025,10,127,75,41.21715841761705,33.78284158238295,0.5905511811023622,0.2660066266329366,13,O
Barry Odom,UNLV,3,2023,2024,2,28,20,12.830395021276894,7.169604978723106,0.7142857142857143,0.25605732066868236,14,D
Kalen DeBoer,Washington,3,2022,2023,2,28,25,17.883584546032456,7.116415453967544,0.8928571428571429,0.25415769478455513,15,O
Jeff Monken,Army,1,2015,2025,11,139,81,45.87234990030065,35.12765009969935,0.5827338129496403,0.2527169071920817,16,O
Jamey Chadwell,Coastal Carolina,3,2019,2022,4,49,36,23.68822765469791,12.311772345302089,0.7346938775510204,0.2512606601082059,17,O
Bryan Harsin,Boise State,1,2015,2019,5,67,52,35.30670384220382,16.693296157796183,0.7761194029850746,0.24915367399695795,18,O
Spencer Danielson,Boise State,3,2024,2025,2,26,18,11.621915156330047,6.378084843669953,0.6923076923076923,0.24531095552576743,19,D
Matt Rhule,Temple,1,2015,2016,2,27,20,13.598468214260759,6.401531785739241,0.7407407407407407,0.2370937698421941,20,O
Rich Rodriguez,Jacksonville State,1,2023,2024,2,27,18,11.669388995225312,6.330611004774688,0.6666666666666666,0.2344670742509144,21,O
Lincoln Riley,Oklahoma,2,2017,2021,5,65,55,40.152466381770324,14.847533618229676,0.8461538461538461,0.2284235941266104,22,O
Dino Babers,Bowling Green,1,2015,2015,1,13,10,7.043349632354679,2.956650367645321,0.7692307692307693,0.2274346436650247,23,O
Nick Saban,Alabama,1,2015,2023,9,127,115,86.1256862411375,28.8743137588625,0.905511811023622,0.2273568012508858,24,D
P.J. Fleck,Western Michigan,1,2015,2016,2,27,21,14.885563952361071,6.114436047638929,0.7777777777777778,0.22646059435699736,25,
Jason Eck,New Mexico,4,2025,2025,1,12,5,2.3921470112646412,2.6078529887353588,0.4166666666666667,0.21732108239461323,26,O
Bob Stoops,Oklahoma,1,2015,2016,2,26,22,16.57341525101448,5.426584748985519,0.8461538461538461,0.20871479803790458,27,D
Dan Lanning,Oregon,4,2022,2025,4,53,42,31.228825940060524,10.771174059939476,0.7924528301886793,0.20322969924414105,28,D
Ryan Day,Ohio State,2,2019,2025,6,81,67,50.970123578895326,16.029876421104674,0.8271604938271605,0.19789970890252684,29,O
Bob Chesney,James Madison,2,2024,2025,2,25,15,10.061567362387555,4.938432637612445,0.6,0.1975373055044978,30,D
Rocky Long,San Diego State,1,2015,2019,5,67,49,35.990763310112364,13.009236689887636,0.7313432835820896,0.1941677117893677,31,D
Bill Clark,UAB,1,2017,2021,5,63,43,30.913709107684486,12.086290892315514,0.6825396825396826,0.19184588717961132,32,D
Neal Brown,Troy,1,2015,2018,4,51,35,25.238191026719242,9.761808973280758,0.6862745098039216,0.19140801908393643,33,O
Mike Norvell,Memphis,2,2016,2019,4,54,38,27.840004373472052,10.159995626527948,0.7037037037037037,0.18814806715792495,34,O
Urban Meyer,Ohio State,1,2015,2018,4,51,45,35.442138918693445,9.557861081306555,0.8823529411764706,0.18740904080993245,35,O
Luke Fickell,Cincinnati,2,2017,2022,6,75,57,43.148846419567995,13.851153580432005,0.76,0.18468204773909339,36,D
Paul Chryst,Wisconsin,1,2015,2021,6,81,61,46.33374606813614,14.666253931863857,0.7530864197530864,0.18106486335634392,37,O
Kalen DeBoer,Fresno State,3,2021,2021,1,12,9,6.85934991874651,2.14065008125349,0.75,0.17838750677112417,38,O
Jerry Kill,New Mexico State,2,2022,2023,2,28,17,12.081961999725767,4.918038000274233,0.6071428571428571,0.17564421429550833,39,O
Art Briles,Baylor,1,2015,2015,1,13,10,7.721121866022672,2.2788781339773276,0.7692307692307693,0.17529831799825596,40,O
Willie Fritz,Georgia Southern,1,2015,2015,1,13,9,6.721282753674399,2.278717246325601,0.6923076923076923,0.17528594202504624,41,O
Jeff Brohm,Louisville,3,2023,2025,3,39,25,18.201210740394355,6.798789259605645,0.6410256410256411,0.17432792973347808,42,O
Josh Heupel,UCF,2,2018,2020,3,36,28,21.90354927012196,6.09645072987804,0.7777777777777778,0.16934585360772333,43,O
Bronco Mendenhall,BYU,1,2015,2015,1,13,9,6.815851994563816,2.1841480054361844,0.6923076923076923,0.16801138503355265,44,D
Tim Albin,Ohio,2,2021,2024,4,53,34,25.099716621304285,8.900283378695715,0.6415094339622641,0.16792987506973048,45,O
Willie Taggart,South Florida,1,2015,2016,2,25,18,13.809463333064183,4.190536666935817,0.72,0.16762146667743266,46,O
Jeff Tedford,Fresno State,4,2022,2023,2,27,19,14.506351338256806,4.493648661743194,0.7037037037037037,0.1664314319164146,47,O
Brian Kelly,Notre Dame,1,2015,2021,7,88,68,53.86946051997072,14.130539480029277,0.7727272727272727,0.16057431227305996,48,D
Chad Lunsford,Georgia Southern,3,2018,2020,3,39,25,18.739455020287558,6.260544979712442,0.6410256410256411,0.16052679435160108,49,
Matt Drinkall,Central Michigan,3,2025,2025,1,12,5,3.0850697901452317,1.9149302098547683,0.4166666666666667,0.15957751748789736,50,O
Jim Harbaugh,Michigan,1,2015,2023,8,108,87,70.20882596638955,16.791174033610446,0.8055555555555556,0.15547383364454118,51,O
Dabo Swinney,Clemson,1,2015,2025,11,152,122,98.38804370823196,23.61195629176804,0.8026315789473685,0.15534181770900024,52,O
Jeff Tedford,Fresno State,2,2017,2019,3,40,26,19.853158119541025,6.146841880458975,0.65,0.15367104701147438,53,O
Jerry Mack,Kennesaw State,2,2025,2025,1,12,5,3.169896080154827,1.8301039198451732,0.4166666666666667,0.15250865998709776,54,O
Kirk Ferentz,Iowa,1,2015,2025,10,132,89,68.90622245196373,20.09377754803627,0.6742424242424242,0.15222558748512327,55,O
Ken Niumatalolo,Navy,1,2015,2022,8,100,52,36.8335692848402,15.166430715159798,0.52,0.15166430715159798,56,O
Turner Gill,Liberty,1,2018,2018,1,12,6,4.203322805614567,1.796677194385433,0.5,0.1497230995321194,57,O
Mario Cristobal,Oregon,3,2018,2021,3,40,31,25.06929664120304,5.930703358796961,0.775,0.14826758396992404,58,O
Mike Leach,Washington State,1,2015,2019,5,65,43,33.38271800761422,9.617281992385777,0.6615384615384615,0.14795818449824272,59,O
Brian Smith,Ohio,3,2025,2025,1,12,5,3.236341792293053,1.7636582077069471,0.4166666666666667,0.14697151730891225,60,
Kirby Smart,Georgia,2,2016,2025,10,136,111,91.01352305603635,19.986476943963652,0.8161764705882353,0.14695938929385038,61,D
Lane Kiffin,Ole Miss,3,2020,2025,6,74,51,40.4192712230837,10.580728776916303,0.6891891891891891,0.14298282130967976,62,O
Frank Solich,Ohio,1,2015,2019,5,66,41,31.610374246805346,9.389625753194654,0.6212121212121212,0.14226705686658567,63,O
Scott Frost,UCF,1,2016,2017,2,26,19,15.389886846682911,3.610113153317089,0.7307692307692307,0.1388505058968111,64,O
Ryan Carty,Delaware,1,2025,2025,1,12,4,2.3409833316648596,1.6590166683351404,0.3333333333333333,0.13825138902792836,65,O
Tyson Helton,Western Kentucky,5,2019,2025,7,92,54,41.654656355697426,12.345343644302574,0.5869565217391305,0.13418851787285407,66,O
Jeff Traylor,UT San Antonio,3,2020,2024,5,66,46,37.35278452480575,8.647215475194251,0.696969696969697,0.13101841629082198,67,O
Jon Sumrall,Tulane,3,2024,2025,2,26,15,11.593734624930523,3.406265375069477,0.5769230769230769,0.13101020673344144,68,D
Josh Heupel,Tennessee,3,2021,2025,5,64,43,34.65796886161269,8.342031138387313,0.671875,0.13034423653730176,69,O
Dan Mullen,UNLV,4,2025,2025,1,12,6,4.498320749541718,1.5016792504582819,0.5,0.12513993753819017,70,O
Kalani Sitake,BYU,2,2016,2025,10,127,80,64.37225174163018,15.62774825836982,0.6299212598425197,0.12305313589267575,71,D
Marcus Freeman,Notre Dame,2,2022,2025,4,54,38,31.448981106121195,6.551018893878805,0.7037037037037037,0.12131516470145935,72,D
Pete Lembo,Buffalo,3,2024,2025,2,25,13,9.969585199339168,3.0304148006608322,0.52,0.12121659202643328,73,D
Jim McElwain,Florida,1,2015,2016,2,27,19,15.72995113385463,3.2700488661453697,0.7037037037037037,0.12111292096834703,74,O
Ryan Silverfield,Memphis,3,2020,2025,6,74,49,40.38178919476514,8.61821080523486,0.6621621621621622,0.11646230817884945,75,O
Jamey Chadwell,Liberty,3,2023,2025,3,38,24,19.59970136116361,4.400298638836389,0.631578947368421,0.11579733260095762,76,O
Dana Holgorsen,West Virginia,1,2015,2018,4,51,33,27.233288895312334,5.766711104687666,0.6470588235294118,0.11307276675858167,77,O
Charles Huff,Marshall,2,2021,2024,4,52,32,26.12236088461107,5.877639115388931,0.6153846153846154,0.11303152144978713,78,O
Brady Hoke,San Diego State,2,2021,2023,3,39,23,18.769117468303335,4.230882531696665,0.5897435897435898,0.10848416747940166,79,D
Lane Kiffin,Florida Atlantic,2,2017,2019,3,40,27,22.67164761211882,4.3283523878811785,0.675,0.10820880969702946,80,O
Blake Anderson,Utah State,3,2021,2023,3,40,23,18.674919567670145,4.325080432329855,0.575,0.10812701080824638,81,O
Geoff Collins,Temple,2,2017,2018,2,25,15,12.31414982572676,2.6858501742732397,0.6,0.10743400697092959,82,D
Kyle Whittingham,Utah,1,2015,2025,10,132,85,70.99947583027215,14.000524169727854,0.6439393939393939,0.10606457704339282,83,D
Bryant Vincent,Louisiana Monroe,4,2024,2024,1,12,5,3.7293804505842676,1.2706195494157324,0.4166666666666667,0.10588496245131103,84,O
Chris Klieman,Kansas State,2,2019,2025,7,88,52,43.031476664595466,8.968523335404534,0.5909090909090909,0.10191503790232424,85,D
Tracy Claeys,Minnesota,1,2016,2016,1,13,9,7.688143302551908,1.3118566974480919,0.6923076923076923,0.10091205364985321,86,D
Mel Tucker,Michigan State,2,2021,2022,2,25,16,13.496977590353868,2.5030224096461318,0.64,0.10012089638584527,87,D
Sonny Dykes,TCU,2,2022,2025,4,52,33,27.801831765674063,5.198168234325937,0.6346153846153846,0.09996477373703726,88,O
Craig Bohl,Wyoming,1,2015,2023,8,103,55,44.83135887184387,10.168641128156132,0.5339805825242718,0.0987246711471469,89,D
Shawn Clark,Appalachian State,3,2020,2024,5,63,39,32.80524983108365,6.19475016891635,0.6190476190476191,0.09832936776057699,90,O
Matt Entz,Fresno State,6,2025,2025,1,12,5,3.822557201540894,1.177442798459106,0.4166666666666667,0.09812023320492551,91,D
Chris Petersen,Washington,1,2015,2019,5,67,47,40.445141690931145,6.554858309068855,0.7014925373134329,0.0978337061055053,92,O
Jason Candle,Toledo,2,2016,2025,9,118,72,60.92852550258601,11.071474497413988,0.6101694915254238,0.0938260550628304,93,O
Fran Brown,Syracuse,3,2024,2025,2,25,13,10.717536143604203,2.282463856395797,0.52,0.09129855425583187,94,D
Sonny Dykes,SMU,2,2018,2021,4,47,30,25.734451838136547,4.265548161863453,0.6382978723404256,0.09075634386943518,95,O
Doc Holliday,Marshall,1,2015,2020,6,74,45,38.34617295964968,6.653827040350322,0.6081081081081081,0.0899165816263557,96,O
Todd Monken,Southern Mississippi,1,2015,2015,1,14,9,7.752456724104452,1.2475432758955476,0.6428571428571429,0.08911023399253912,97,O
Manny Diaz,Duke,3,2024,2025,2,25,13,10.794092170668005,2.205907829331995,0.52,0.08823631317327979,98,D
Jake Dickert,Wake Forest,2,2025,2025,1,12,5,3.9706850537550533,1.0293149462449467,0.4166666666666667,0.08577624552041223,99,D
Mike Gundy,Oklahoma State,1,2015,2025,11,141,86,73.91491411068051,12.085085889319487,0.6099290780141844,0.08570982900226587,100,O
Gary Andersen,Utah State,2,2019,2019,1,13,7,5.935119302473683,1.0648806975263172,0.5384615384615384,0.08191389980971671,101,D
Ken Niumatalolo,San Jose State,3,2024,2024,1,13,7,5.944585791358058,1.0554142086419418,0.5384615384615384,0.08118570835707245,102,O
Jedd Fisch,Washington,4,2024,2025,2,25,12,10.071118080182448,1.9288819198175524,0.48,0.0771552767927021,103,O
Rhett Lashlee,SMU,3,2022,2025,4,53,34,29.98229508903846,4.017704910961541,0.6415094339622641,0.0758057530370102,104,O
Brent Key,Georgia Tech,3,2023,2025,3,38,22,19.131735224112628,2.868264775887372,0.5789473684210527,0.0754806519970361,105,O
Skip Holtz,Louisiana Tech,1,2015,2021,7,88,51,44.43040313268902,6.5695968673109775,0.5795454545454546,0.07465450985580656,106,O
Les Miles,LSU,1,2015,2015,1,12,9,8.104214678507137,0.8957853214928626,0.75,0.07464877679107189,107,O
Mike Elko,Texas A&M,3,2024,2025,2,25,16,14.160529369219365,1.8394706307806352,0.64,0.07357882523122541,108,D
Mark Richt,Georgia,1,2015,2015,1,12,9,8.120939885676933,0.8790601143230674,0.75,0.07325500952692228,109,O
Ed Orgeron,LSU,2,2017,2021,5,63,45,40.43029759546781,4.569702404532187,0.7142857142857143,0.0725349588020982,110,D
Rod Carey,Northern Illinois,1,2015,2018,4,53,29,25.20183651215585,3.7981634878441497,0.5471698113207547,0.071663462034795275,111,O
Ryan Beard,Missouri State,1,2025,2025,1,12,4,3.15065339499989,0.8493466050001102,0.3333333333333333,0.07077888375000918,112,
Eli Drinkwitz,Missouri,3,2020,2025,6,74,44,38.952175320311156,5.047824679688844,0.5945945945945946,0.06821384702282222,113,O
Sherrone Moore,Michigan,2,2024,2025,2,25,14,12.322355294910356,1.6776447050896444,0.56,0.06710578820358577,114,O
Brian Kelly,LSU,3,2022,2025,4,52,34,30.537126573085253,3.462873426914747,0.6538461538461539,0.06659371974836052,115,D
Bill Snyder,Kansas State,1,2015,2018,4,51,28,24.739361241312228,3.2606387586877723,0.5490196078431373,0.06393409330760338,116,O
Dan Mullen,Florida,2,2018,2021,4,49,34,30.880433595724003,3.1195664042759965,0.6938775510204082,0.0636646204954285,117,O
Blake Anderson,Arkansas State,1,2015,2020,6,75,44,39.36383742068402,4.636162579315979,0.5866666666666667,0.061815501057546386,118,O
Mike Elko,Duke,2,2022,2023,2,25,16,14.460558078135378,1.539441921864622,0.64,0.06157767687458488,119,D
Mark Richt,Miami,1,2016,2018,3,39,26,23.644050429917773,2.3559495700822275,0.6666666666666666,0.06040896333544173,120,O
Jay Norvell,Nevada,2,2017,2021,5,59,33,29.51980476491169,3.48019523508831,0.559322033898305,0.05898635991675102,121,O
Kalen DeBoer,Alabama,2,2024,2025,2,25,16,14.55759541881353,1.4424045811864694,0.64,0.057696183247458774,122,O
P.J. Fleck,Minnesota,2,2017,2025,8,102,60,54.29974481421901,5.700255185780989,0.5882352941176471,0.055884854762558715,123,
James Franklin,Penn State,1,2015,2025,11,142,97,89.34561776151574,7.65438223848426,0.6830985915492958,0.053904100271015915,124,O
Major Applewhite,Houston,2,2017,2018,2,25,15,13.711087384158448,1.2889126158415518,0.6,0.05155650463366207,125,O
Jimmy Rogers,Washington State,3,2025,2025,1,12,4,3.391586405347605,0.608413594652395,0.3333333333333333,0.05070113288769958,126,D
Gary Patterson,TCU,1,2015,2020,6,75,46,42.209983154228816,3.7900168457711843,0.6133333333333333,0.05053355794361579,127,D
Matt Wells,Utah State,1,2015,2018,4,50,25,22.60202414826885,2.3979758517311502,0.5,0.047959517034623006,128,O
Steve Sarkisian,Texas,3,2021,2025,5,67,44,40.92129511196001,3.0787048880399865,0.6567164179104478,0.04595081922447741,129,O
Jay Hopson,Southern Mississippi,2,2016,2019,4,50,28,25.778975211723733,2.2210247882762673,0.56,0.04442049576552534,130,D
K.C. Keeler,Sam Houston State,1,2023,2024,2,24,12,10.9375424948514,1.0624575051486005,0.5,0.04426906271452502,131,
Bobby Petrino,Louisville,1,2015,2017,3,39,25,23.311515243733304,1.6884847562666963,0.6410256410256411,0.04329448092991529,132,O
Jake Dickert,Washington State,2,2022,2024,3,37,20,18.415038080423265,1.5849619195767346,0.5405405405405406,0.042836808637209046,133,D
Willie Fritz,Tulane,2,2016,2023,8,101,54,49.696606208392645,4.3033937916073555,0.5346534653465347,0.0426078593228451,134,O
Nick Rolovich,Hawai'i,2,2016,2019,4,55,28,25.75444141269886,2.24555858730114,0.509090909090909,0.04082833795092982,135,O
Joey McGuire,Texas Tech,3,2022,2025,4,51,30,27.935944452751365,2.0640555472486355,0.5882352941176471,0.04047167739703207,136,D
Lincoln Riley,USC,3,2022,2025,4,52,31,29.15652918906664,1.8434708109333613,0.5961538461538461,0.035451361748718484,137,O
Matt Campbell,Iowa State,2,2016,2025,10,127,69,64.5453138720313,4.454686127968699,0.5433070866141733,0.03507626872416299,138,O
Kane Wommack,South Alabama,3,2021,2023,3,38,22,20.670132666097274,1.329867333902726,0.5789473684210527,0.03499650878691384,139,D
Lance Leipold,Buffalo,1,2015,2019,5,63,31,28.85373220920709,2.1462677907929084,0.49206349206349204,0.03406774271099854,140,O
Gerad Parker,Troy,4,2024,2025,2,24,10,9.213987266458869,0.7860127335411313,0.4166666666666667,0.03275053056421381,141,O
Mark Dantonio,Michigan State,1,2015,2019,5,65,39,36.906677180808586,2.093322819191414,0.6,0.032204966449098676,142,D
Chuck Martin,Miami (OH),1,2015,2025,10,129,66,61.863086971365234,4.1369130286347655,0.5116279069767442,0.03206909324523074,143,O
Tim Lester,Western Michigan,2,2017,2022,5,63,33,31.072150057139744,1.9278499428602558,0.5238095238095238,0.030600792743813585,144,O
Andy Avalos,Boise State,2,2021,2023,3,36,22,20.976487488937103,1.023512511062897,0.6111111111111112,0.028430903085080474,145,D
Todd Graham,Hawai'i,3,2020,2021,2,22,11,10.376341020312784,0.6236589796872156,0.5,0.028348135440327982,146,
K.C. Keeler,Temple,5,2025,2025,1,12,5,4.708355499607831,0.29164450039216927,0.4166666666666667,0.024303708366014105,147,
Mark Carney,Kent State,4,2025,2025,1,12,3,2.71620087830539,0.2837991216946101,0.25,0.023649926807884174,148,O
Dan Mullen,Mississippi State,1,2015,2017,3,38,23,22.130176690402067,0.8698233095979333,0.6052631578947368,0.022890087094682456,149,O
Bronco Mendenhall,Utah State,5,2025,2025,1,12,4,3.7316863044120336,0.26831369558796636,0.3333333333333333,0.02235947463233053,150,D
Bret Bielema,Illinois,3,2021,2025,5,62,33,31.634256777854066,1.3657432221459338,0.532258064516129,0.022028116486224738,151,D
Jeff Brohm,Purdue,2,2017,2022,5,64,34,32.61141200453243,1.3885879954675673,0.53125,0.02169668742918074,152,O
Pat Narduzzi,Pittsburgh,1,2015,2025,11,140,78,75.03288698219139,2.9671130178086145,0.5571428571428572,0.021193664412918676,153,D
Ruffin McNeill,East Carolina,1,2015,2015,1,12,5,4.776818278434664,0.22318172156533578,0.4166666666666667,0.018598476797111314,154,D
Jim McElwain,Central Michigan,2,2019,2024,5,63,30,28.845219709227454,1.1547802907725462,0.47619047619047616,0.01832984588527851,155,O
Sonny Dykes,California,1,2015,2016,2,25,13,12.550589536824596,0.4494104631754041,0.52,0.017976418527016164,156,O
Eric Morris,North Texas,2,2023,2025,3,37,18,17.36129055783836,0.638709442161641,0.4864864864864865,0.01726241735572003,157,O
Dave Doeren,NC State,1,2015,2025,11,139,80,77.729152085376,2.2708479146239995,0.5755395683453237,0.01633703535700719,158,D
Charlie Strong,South Florida,2,2017,2019,3,37,21,20.533318896618006,0.466681103381994,0.5675675675675675,0.012613002794107946,159,D
Jim Mora,Connecticut,4,2022,2024,3,38,18,17.63335904858253,0.36664095141746955,0.47368421052631576,0.00964844608993341,160,O
Jimbo Fisher,Florida State,1,2015,2017,3,37,25,24.652108011434642,0.3478919885653582,0.6756756756756757,0.009402486177442113,161,O
Gus Malzahn,Auburn,1,2015,2020,6,76,48,47.29479356513105,0.7052064348689484,0.631578947368421,0.00927903203774932,162,O
Joe Moglia,Coastal Carolina,2,2018,2018,1,12,5,4.917840393807263,0.08215960619273677,0.4166666666666667,0.00684663384939473,163,O
Mike Uremovich,Ball State,3,2025,2025,1,12,3,2.9190402583593045,0.08095974164069553,0.25,0.006746645136724627,164,O
Terry Bowden,Akron,1,2015,2018,4,51,24,23.924052624613964,0.07594737538603624,0.47058823529411764,0.0014891642232556126,165,O
Justin Fuente,Virginia Tech,2,2016,2021,6,74,43,42.997458870466836,0.002541129533163655,0.581081081081081,3.433958828599534e-5,166,O
Rick Stockstill,Middle Tennessee,1,2015,2023,9,112,56,56.04901045170871,-0.049010451708710434,0.5,-4.3759331882777176e-4,167,O
Thomas Hammock,Northern Illinois,2,2019,2025,6,76,34,34.09234720831084,-0.09234720831084076,0.4473684210526316,-0.001215094846195273,168,O
Dave Clawson,Wake Forest,1,2015,2024,10,124,64,64.27432016279354,-0.27432016279354343,0.5161290322580645,-0.0022122593773672857,169,O
G.J. Kinne,Texas State,4,2023,2025,3,38,19,19.10095180750303,-0.10095180750303001,0.5,-0.0026566265132376317,170,
Alex Golesh,South Florida,4,2023,2025,3,38,20,20.125656640824957,-0.12565664082495687,0.5263157894736842,-0.0033067537059199175,171,O
Seth Littrell,North Texas,1,2016,2022,7,88,44,44.474731630225946,-0.47473163022594633,0.5,-0.005394677616203936,172,O
Hugh Freeze,Ole Miss,1,2015,2016,2,25,15,15.166843172175227,-0.16684317217522704,0.6,-0.006673726887009081,173,O
Bryant Vincent,UAB,2,2022,2022,1,13,7,7.10867722112647,-0.10867722112647016,0.5384615384615384,-0.008359786240497704,174,O
Mike Sanford Jr.,Western Kentucky,2,2017,2017,1,13,6,6.128670483861153,-0.12867048386115343,0.46153846153846156,-0.009897729527781033,175,O
Pat Fitzgerald,Northwestern,1,2015,2022,8,98,50,51.35840133498737,-1.35840133498737,0.5102040816326531,-0.013861238112116021,176,D
Jimbo Fisher,Texas A&M,2,2018,2023,6,70,45,46.0150798643511,-1.015079864351101,0.6428571428571429,-0.014501140919301443,177,O
Neal Brown,West Virginia,2,2019,2024,6,72,37,38.06800758786317,-1.0680075878631712,0.5138888888888888,-0.014833438720321822,178,O
Chris Creighton,Eastern Michigan,1,2015,2025,10,126,55,57.31897198982434,-2.318971989824341,0.4365079365079365,-0.018404539601780484,179,O
Clay Helton,Georgia Southern,4,2022,2025,4,51,23,23.9951497658251,-0.9951497658251007,0.45098039215686275,-0.019512740506374523,180,O
Mike Leach,Mississippi State,3,2020,2022,3,36,19,19.71025376691901,-0.7102537669190099,0.5277777777777778,-0.01972927130330583,181,O
Chip Lindsey,Troy,2,2019,2021,3,34,15,15.678687013799891,-0.678687013799891,0.4411764705882353,-0.019961382758820326,182,O
Jonathan Smith,Oregon State,2,2018,2023,5,62,32,33.28499437161476,-1.2849943716147578,0.5161290322580645,-0.02072571567120577,183,O
Tom Herman,Texas,2,2017,2020,4,50,32,33.05577308950731,-1.055773089507312,0.64,-0.021115461790146242,184,O
Clay Helton,USC,1,2015,2019,5,61,39,40.32235370381826,-1.3223537038182585,0.639344262295082,-0.02167792957079112,185,O
Herm Edwards,Arizona State,2,2018,2021,3,39,23,23.868298400790984,-0.8682984007909837,0.5897435897435898,-0.02226406155874317,186,D
Kevin Wilson,Indiana,1,2015,2016,2,25,12,12.567988074810117,-0.5679880748101169,0.48,-0.022719522992404678,187,O
Jim Grobe,Baylor,2,2016,2016,1,13,7,7.301065668209502,-0.3010656682095023,0.5384615384615384,-0.0231588975545771,188,D
Shawn Elliott,Georgia State,2,2017,2023,7,85,41,43.022253358906276,-2.0222533589062763,0.4823529411764706,-0.02379121598713266,189,O
Eddie George,Bowling Green,4,2025,2025,1,12,3,3.2863849295684666,-0.2863849295684666,0.25,-0.023865410797372217,190,D
Kevin Sumlin,Texas A&M,1,2015,2017,3,38,23,23.906911308208432,-0.9069113082084321,0.6052631578947368,-0.023866087058116634,191,O
Mark Stoops,Kentucky,1,2015,2025,11,138,72,75.7478075175258,-3.7478075175258,0.5217391304347826,-0.02715802548931739,192,D
Scot Loeffler,Bowling Green,3,2019,2024,5,63,27,28.72318969961791,-1.7231896996179117,0.42857142857142855,-0.027352217454252568,193,O
Shane Beamer,South Carolina,2,2021,2025,5,63,32,33.76806096877204,-1.7680609687720406,0.5079365079365079,-0.028064459821778423,194,O
Dana Holgorsen,Houston,3,2019,2023,4,51,28,29.45470506002821,-1.4547050600282105,0.5490196078431373,-0.028523628628004127,195,O
Scott Frost,UCF,4,2025,2025,1,12,4,4.347868277008139,-0.34786827700813916,0.3333333333333333,-0.028989023084011595,196,O
Philip Montgomery,Tulsa,1,2015,2022,8,96,43,45.904405299515766,-2.9044052995157656,0.4479166666666667,-0.030254221869955893,197,O
David Braun,Northwestern,2,2023,2025,3,37,17,18.125910739780217,-1.1259107397802168,0.4594594594594595,-0.030430019994059913,198,D
Brent Venables,Oklahoma,3,2022,2025,4,51,28,29.658528928656747,-1.6585289286567466,0.5490196078431373,-0.032520175071700914,199,D
Brian Polian,Nevada,1,2015,2016,2,25,12,12.829602138878323,-0.8296021388783235,0.48,-0.03318408555513294,200,
Sean Lewis,Kent State,2,2018,2022,4,51,21,22.76859780485314,-1.7685978048531403,0.4117647058823529,-0.03467838833045373,201,O
Blake Harrell,East Carolina,4,2025,2025,1,12,4,4.431505900802652,-0.4315059008026516,0.3333333333333333,-0.035958825066887634,202,D
Michael Desormeaux,Louisiana,3,2022,2025,4,52,24,25.90297424291637,-1.9029742429163683,0.46153846153846156,-0.03659565851762247,203,O
Tony Gibson,Marshall,3,2025,2025,1,12,4,4.463454866407752,-0.46345486640775224,0.3333333333333333,-0.03862123886731269,204,D
Mario Cristobal,Miami,3,2022,2025,4,50,28,29.967612628210272,-1.9676126282102722,0.56,-0.039352252564205444,205,O
Steve Addazio,Boston College,1,2015,2019,5,62,30,32.48517076341963,-2.4851707634196316,0.4838709677419355,-0.04008339940999406,206,O
Paul Johnson,Georgia Tech,1,2015,2018,4,49,24,25.970704701758308,-1.970704701758308,0.4897959183673469,-0.04021846330118996,207,O
John Bonamego,Central Michigan,1,2015,2018,4,51,22,24.08949082533889,-2.0894908253388884,0.43137254901960786,-0.040970408339978205,208,ST
Gus Malzahn,UCF,3,2021,2024,4,52,28,30.220373422155404,-2.2203734221554043,0.5384615384615384,-0.04269948888760393,209,O
Kliff Kingsbury,Texas Tech,1,2015,2018,4,50,23,25.176491573219074,-2.1764915732190744,0.46,-0.04352983146438149,210,O
Mike Bobo,Colorado State,1,2015,2019,5,63,28,30.743479775104245,-2.7434797751042446,0.4444444444444444,-0.04354729801752769,211,O
Kenny Dillingham,Arizona State,4,2023,2025,3,38,19,20.67182392476279,-1.6718239247627906,0.5,-0.04399536644112607,212,O
Bronco Mendenhall,Virginia,2,2016,2021,6,74,36,39.38554121356088,-3.3855412135608773,0.4864864864864865,-0.04575055694001186,213,D
David Shaw,Stanford,1,2015,2022,7,90,50,54.26264944914893,-4.262649449148931,0.5555555555555556,-0.04736277165721035,214,O
Dave Aranda,Baylor,4,2020,2025,6,73,35,38.47157795548169,-3.471577955481692,0.4794520547945205,-0.04755586240385879,215,D
Willie Fritz,Houston,4,2024,2025,2,24,11,12.156577785587722,-1.1565777855877215,0.4583333333333333,-0.04819074106615506,216,O
Major Applewhite,South Alabama,4,2024,2025,2,25,9,10.248597584132643,-1.2485975841326429,0.36,-0.049943903365305714,217,O
Butch Jones,Tennessee,1,2015,2017,3,36,22,23.80484510524424,-1.8048451052442402,0.6111111111111112,-0.05013458625678445,218,O
Scott Abell,Rice,3,2025,2025,1,12,4,4.613037271390302,-0.6130372713903016,0.3333333333333333,-0.05108643928252513,219,O
Tim Beck,Coastal Carolina,4,2023,2025,3,38,18,19.95822056372107,-1.9582205637210706,0.47368421052631576,-0.05153212009792291,220,O
Mark Helfrich,Oregon,1,2015,2016,2,25,13,14.305283189104664,-1.3052831891046637,0.52,-0.052211327564186547,221,O
Ricky Rahne,Old Dominion,2,2021,2025,5,62,25,28.258789178434586,-3.2587891784345864,0.4032258064516129,-0.052561115781203004,222,O
Matt Rhule,Nebraska,4,2023,2025,3,37,18,19.95872086557437,-1.9587208655743709,0.4864864864864865,-0.05293840177228029,223,O
Bronco Mendenhall,New Mexico,3,2024,2024,1,12,5,5.65311581053153,-0.6531158105315296,0.4166666666666667,-0.05442631754429413,224,D
Scott Satterfield,Louisville,2,2019,2022,4,49,25,27.671612643012843,-2.6716126430128426,0.5102040816326531,-0.05452270700026209,225,O
Timmy Chang,Hawai'i,4,2022,2025,4,50,19,21.750352284608073,-2.7503522846080735,0.38,-0.05500704569216147,226,O
Scott Satterfield,Cincinnati,3,2023,2025,3,36,15,17.02506905192655,-2.0250690519265504,0.4166666666666667,-0.05625191810907085,227,O
Joe Moorhead,Mississippi State,2,2018,2019,2,26,14,15.47200666579235,-1.4720066657923496,0.5384615384615384,-0.056615640992013445,228,O
Manny Diaz,Miami,2,2019,2021,3,36,21,23.057630041136385,-2.0576300411363846,0.5833333333333334,-0.05715639003156624,229,D
Frank Reich,Stanford,3,2025,2025,1,12,3,3.692357746076083,-0.692357746076083,0.25,-0.05769647883967358,230,O
Joey Jones,South Alabama,1,2015,2017,3,37,15,17.14143399289275,-2.1414339928927504,0.40540540540540543,-0.05787659440250677,231,
Willie Simmons,Florida International,4,2025,2025,1,12,3,3.7015520087327385,-0.7015520087327385,0.25,-0.058462667394394874,232,O
Tony Sanchez,New Mexico State,3,2024,2025,2,24,6,7.405087519369543,-1.405087519369543,0.25,-0.058545313307064285,233,D
Mike MacIntyre,Colorado,1,2015,2018,4,50,24,26.948400512064595,-2.9484005120645946,0.48,-0.05896801024129189,234,D
Mack Brown,North Carolina,2,2019,2024,6,77,44,48.589432371345964,-4.589432371345964,0.5714285714285714,-0.059603017809687846,235,O
Rod Carey,Temple,3,2019,2021,2,25,11,12.567072039803918,-1.567072039803918,0.44,-0.06268288159215672,236,O
Mike Locksley,Maryland,3,2019,2025,6,75,34,38.726576203235474,-4.726576203235474,0.4533333333333333,-0.06302101604313966,237,O
Charles Kelly,Jacksonville State,2,2025,2025,1,12,4,4.757499206905919,-0.7574992069059192,0.3333333333333333,-0.0631249339088266,238,D
Bret Bielema,Arkansas,1,2015,2017,3,38,19,21.39881684018656,-2.3988168401865586,0.5,-0.06312675895227786,239,D
Maurice Linguist,Buffalo,2,2021,2023,3,37,14,16.348301486684583,-2.3483014866845835,0.3783783783783784,-0.06346760774823199,240,D
Deion Sanders,Colorado,4,2023,2025,3,37,16,18.38329006737255,-2.383290067372549,0.43243243243243246,-0.06441324506412295,241,D
Bobby Wilder,Old Dominion,1,2015,2019,5,61,25,29.07654867651835,-4.07654867651835,0.4098360655737705,-0.06682866682816967,242,O
Justin Wilcox,California,2,2017,2025,8,100,46,52.723627493860086,-6.723627493860086,0.46,-0.06723627493860086,243,D
Paul Petrino,Idaho,1,2015,2017,3,37,17,19.586366000126496,-2.586366000126496,0.4594594594594595,-0.0699017837872026,244,
Mark Hudspeth,Louisiana,1,2015,2017,3,37,15,17.74326261425875,-2.74326261425875,0.40540540540540543,-0.07414223281780406,245,O
Will Healy,Charlotte,2,2019,2021,2,25,12,13.935570404702945,-1.9355704047029452,0.48,-0.0774228161881178,246,D
Mike Norvell,Florida State,3,2020,2025,6,72,36,41.61195820862698,-5.61195820862698,0.5,-0.07794386400870806,247,O
Sean Kugler,UTEP,1,2015,2016,2,24,9,10.874600986546813,-1.8746009865468132,0.375,-0.07810837443945055,248,O
Barry Odom,Missouri,2,2016,2019,4,50,25,28.91789280332097,-3.917892803320971,0.5,-0.07835785606641942,249,D
Zach Kittley,Florida Atlantic,5,2025,2025,1,12,3,3.954540867732391,-0.954540867732391,0.25,-0.07954507231103258,250,O
Willie Taggart,Oregon,2,2017,2017,1,13,7,8.071571067320527,-1.0715710673205265,0.5384615384615384,-0.0824285436400405,251,O
Chip Kelly,UCLA,2,2018,2023,5,62,32,37.11641495157795,-5.116414951577951,0.5161290322580645,-0.08252282179964437,252,O
Greg Schiano,Rutgers,3,2020,2025,6,72,30,36.214348526453726,-6.214348526453726,0.4166666666666667,-0.0863103962007462,253,D
Mike Riley,Nebraska,1,2015,2017,3,38,19,22.32195475230258,-3.321954752302581,0.5,-0.0874198619026995,254,O
Sam Pittman,Arkansas,3,2020,2025,6,73,32,38.398779446586964,-6.398779446586964,0.4383561643835616,-0.08765451296694471,255,O
Todd Graham,Arizona State,1,2015,2017,3,38,18,21.35000988631127,-3.3500098863112697,0.47368421052631576,-0.08815815490292815,256,
Frank Beamer,Virginia Tech,1,2015,2015,1,13,7,8.153797308419815,-1.153797308419815,0.5384615384615384,-0.08875363910921653,257,D
Matt Rhule,Baylor,3,2017,2019,3,39,19,22.633406726136958,-3.6334067261369576,0.48717948717948717,-0.09316427502915275,258,O
Ron Caragher,San Jose State,1,2015,2016,2,25,10,12.353386461394024,-2.353386461394024,0.4,-0.09413545845576095,259,O
Frank Wilson,UT San Antonio,2,2016,2019,4,48,19,23.522260960105434,-4.522260960105434,0.3958333333333333,-0.09421377000219655,260,O
Butch Davis,Florida International,2,2017,2021,4,51,24,28.84406374967146,-4.844063749671459,0.47058823529411764,-0.09498164215042078,261,D
Ron Turner,Florida International,1,2015,2015,1,12,5,6.144082638440205,-1.1440826384402047,0.4166666666666667,-0.09534021987001706,262,O
Jay Norvell,Colorado State,3,2022,2025,4,49,18,22.817058309096396,-4.817058309096396,0.3673469387755102,-0.0983073124305387,263,O
Lance Leipold,Kansas,3,2021,2025,5,62,26,32.20251190538949,-6.202511905389493,0.41935483870967744,-0.10004051460305634,264,O
Lance Taylor,Western Michigan,3,2023,2025,3,37,14,17.730349448578515,-3.730349448578515,0.3783783783783784,-0.1008202553669869,265,O
Dino Babers,Syracuse,2,2016,2023,8,96,41,50.7513045794139,-9.7513045794138975,0.4270833333333333,-0.10157608936889477,266,O
Butch Jones,Arkansas State,2,2021,2025,5,62,23,29.335084731674915,-6.335084731674915,0.3709677419354839,-0.10217878599475669,267,O
Deshaun Foster,UCLA,3,2024,2025,2,24,8,10.467846570801187,-2.4678465708011874,0.3333333333333333,-0.10282694045004948,268,O
Tony Elliott,Virginia,3,2022,2025,4,46,18,22.76896233652129,-4.768962336521291,0.391304347826087,-0.10367309427220198,269,O
Larry Fedora,North Carolina,1,2015,2018,4,50,24,29.253699417817213,-5.253699417817213,0.48,-0.10507398835634425,270,O
Jeff Hafley,Boston College,2,2020,2023,4,48,22,27.06645138583882,-5.066451385838821,0.4583333333333333,-0.10555107053830877,271,D
Bill Cubit,Illinois,1,2015,2015,1,12,5,6.2818989384285455,-1.2818989384285455,0.4166666666666667,-0.10682491153571212,272,O
Mel Tucker,Colorado,2,2019,2019,1,12,5,6.284344622894309,-1.2843446228943094,0.4166666666666667,-0.10702871857452578,273,D
Bob Davie,New Mexico,1,2015,2019,5,62,24,30.641501947983663,-6.641501947983663,0.3870967741935484,-0.10712099916102683,274,D
Sean Lewis,San Diego State,3,2024,2025,2,24,9,11.669851822038611,-2.669851822038611,0.375,-0.11124382591827546,275,O
Tim Skipper,Fresno State,5,2024,2024,1,13,6,7.449720427713002,-1.449720427713002,0.46153846153846156,-0.11151695597792323,276,D
Will Muschamp,South Carolina,1,2016,2019,4,51,26,31.704073179530745,-5.704073179530745,0.5098039215686274,-0.11184457214766166,277,D
David Cutcliffe,Duke,1,2015,2021,7,86,37,46.77635480980793,-9.776354809807927,0.43023255813953487,-0.11367854430009218,278,O
Clark Lea,Vanderbilt,2,2021,2025,5,61,23,29.943542839108382,-6.943542839108382,0.3770491803278688,-0.11382857113292429,279,D
Jonathan Smith,Michigan State,4,2024,2025,2,24,8,10.737030356275637,-2.7370303562756373,0.3333333333333333,-0.11404293151148488,280,O
Tommy Tuberville,Cincinnati,1,2015,2016,2,25,11,13.897126931247826,-2.8971269312478256,0.44,-0.11588507724991302,281,D
Jamey Chadwell,Coastal Carolina,1,2017,2017,1,12,3,4.415926028655693,-1.4159260286556927,0.25,-0.11799383572130773,282,O
Jay Sawvel,Wyoming,2,2024,2025,2,24,7,9.837012858610198,-2.8370128586101977,0.2916666666666667,-0.11820886910875823,283,D
Mike Neu,Ball State,2,2016,2024,8,95,33,44.44240330278422,-11.442403302784221,0.3473684210526316,-0.12044635055562339,284,O
Bob Diaco,Connecticut,1,2015,2016,2,25,9,12.01543615994033,-3.0154361599403305,0.36,-0.12061744639761322,285,D
Billy Napier,Florida,3,2022,2025,4,50,22,28.043921381912643,-6.043921381912643,0.44,-0.12087842763825286,286,O
Matt Viator,Louisiana Monroe,2,2016,2020,5,58,19,26.06019600492503,-7.060196004925029,0.3275862068965517,-0.1217275173262936,287,O
Mike Houston,East Carolina,3,2019,2023,5,58,24,31.15777732593635,-7.157777325936351,0.41379310344827586,-0.12340995389545432,288,D
Rich Rodriguez,Arizona,1,2015,2017,3,38,17,21.832501967581972,-4.8325019675819725,0.4473684210526316,-0.12717110441005192,289,O
Tyson Summers,Georgia Southern,2,2016,2016,1,12,5,6.56574351523467,-1.5657435152346704,0.4166666666666667,-0.13047862626955586,290,D
Sonny Cumbie,Louisiana Tech,2,2022,2025,4,49,15,21.41928948400369,-6.419289484003691,0.30612244897959184,-0.13100590783681001,291,O
Luke Fickell,Wisconsin,2,2023,2025,3,37,14,18.860395152776864,-4.860395152776864,0.3783783783783784,-0.13136203115613146,292,D
Terry Bowden,Louisiana Monroe,3,2021,2023,3,36,10,14.769149850752072,-4.769149850752072,0.2777777777777778,-0.1324763847431131,293,O
Brent Brennan,Arizona,4,2024,2025,2,24,8,11.201938356025728,-3.201938356025728,0.3333333333333333,-0.13341409816773867,294,O
Gary Pinkel,Missouri,1,2015,2015,1,12,5,6.620257967979645,-1.6202579679796454,0.4166666666666667,-0.13502149733163712,295,O
Doug Martin,New Mexico State,1,2015,2021,6,73,20,30.036566287315022,-10.036566287315022,0.273972602739726,-0.1374872094152743,296,O
Willie Taggart,Florida Atlantic,3,2020,2022,3,33,15,19.55406410113539,-4.554064101135388,0.45454545454545453,-0.13800194245864814,297,O
Hugh Freeze,Auburn,3,2023,2025,3,37,15,20.152790880331615,-5.152790880331615,0.40540540540540543,-0.13926461838734094,298,O
Bryan Harsin,Auburn,2,2021,2021,1,13,6,7.828419633217341,-1.828419633217341,0.46153846153846156,-0.14064766409364163,299,O
Matt Wells,Texas Tech,2,2019,2020,2,22,8,11.143671091921272,-3.143671091921272,0.36363636363636365,-0.142894140541876,300,O
Brent Brennan,San Jose State,2,2017,2023,6,74,27,37.597974279412234,-10.597974279412234,0.36486486486486486,-0.14321586864070587,301,O
Jim Mora,UCLA,1,2015,2017,3,36,17,22.178479062773345,-5.178479062773345,0.4722222222222222,-0.14384664063259292,302,O
Tim Albin,Charlotte,4,2025,2025,1,12,1,2.7455970207231353,-1.7455970207231353,0.08333333333333333,-0.14546641839359462,303,O
Brent Pry,Virginia Tech,3,2022,2025,4,49,19,26.227309735031216,-7.227309735031216,0.3877551020408163,-0.1474961170414534,304,D
Bill O'Brien,Boston College,3,2024,2025,2,25,8,11.692432771372408,-3.692432771372408,0.32,-0.14769731085489632,305,O
Tom Allen,Indiana,2,2017,2023,6,73,27,37.78452543184308,-10.784525431843079,0.3698630136986301,-0.14773322509374082,306,D
Mike Bloomgren,Rice,2,2018,2023,5,63,20,29.35179816682094,-9.351798166820942,0.31746031746031744,-0.14844124074318954,307,O
Will Hall,Southern Mississippi,3,2021,2023,3,37,13,18.731503698724964,-5.731503698724964,0.35135135135135137,-0.15490550537094497,308,O
Rich Rodriguez,West Virginia,3,2025,2025,1,12,2,3.8649062014190076,-1.8649062014190076,0.16666666666666666,-0.15540885011825065,309,O
Jedd Fisch,Arizona,3,2021,2023,3,37,16,21.77960321709051,-5.779603217090511,0.43243243243243246,-0.15620549235379758,310,O
Kevin Sumlin,Arizona,2,2018,2019,2,24,9,12.792782802462796,-3.7927828024627956,0.375,-0.15803261676928315,311,O
Nate Dreiling,Utah State,4,2024,2024,1,12,4,5.91179939657027,-1.9117993965702702,0.3333333333333333,-0.15931661638085584,312,
Tony Sanchez,UNLV,1,2015,2019,5,60,20,29.63519502360773,-9.635195023607729,0.3333333333333333,-0.1605865837267955,313,D
Jeff Lebby,Mississippi State,5,2024,2025,2,24,6,9.940131993788473,-3.940131993788473,0.25,-0.16417216640785304,314,O
Marcus Arroyo,UNLV,2,2021,2022,2,24,7,10.958625698347102,-3.9586256983471024,0.2916666666666667,-0.16494273743112928,315,O
Scotty Walden,UTEP,3,2024,2025,2,24,5,9.04374955189651,-4.043749551896511,0.20833333333333334,-0.16848956466235462,316,O
Derek Mason,Vanderbilt,1,2015,2019,5,62,24,34.568019465855784,-10.568019465855784,0.3870967741935484,-0.17045192686864166,317,D
Scott Shafer,Syracuse,1,2015,2015,1,12,4,6.050249373945626,-2.0502493739456256,0.3333333333333333,-0.1708541144954688,318,D
Trent Bray,Oregon State,3,2024,2025,2,24,6,10.130084324192012,-4.130084324192012,0.25,-0.17208684684133382,319,D
D.J. Durkin,Maryland,1,2016,2017,2,25,10,14.320439081788063,-4.320439081788063,0.4,-0.1728175632715225,320,
Tim DeRuyter,Fresno State,1,2015,2015,1,12,3,5.081569157307181,-2.0815691573071806,0.25,-0.17346409644226504,321,D
Trent Miles,Georgia State,1,2015,2016,2,23,7,11.010515136765434,-4.010515136765434,0.30434782608695654,-0.17437022333762758,322,O
Danny Gonzales,New Mexico,2,2021,2023,3,36,9,15.330547527620006,-6.330547527620006,0.25,-0.17584854243388903,323,D
Steve Campbell,South Alabama,2,2018,2020,3,35,9,15.16663258262917,-6.16663258262917,0.2571428571428571,-0.17618950236083342,324,O
Mike Sanford Jr.,Western Kentucky,4,2018,2018,1,12,3,5.122127230743931,-2.1221272307439314,0.25,-0.17684393589532763,325,O
Chad Morris,SMU,1,2015,2017,3,37,14,20.568666579061066,-6.568666579061066,0.3783783783783784,-0.1775315291638126,326,O
Matt Luke,Ole Miss,2,2017,2019,3,36,15,21.429305530106294,-6.429305530106294,0.4166666666666667,-0.1785918202807304,327,O
Mike London,Virginia,1,2015,2015,1,12,4,6.22895311782494,-2.2289531178249398,0.3333333333333333,-0.18574609315207832,328,D
Trent Dilfer,UAB,3,2023,2025,3,36,10,16.712889773900866,-6.712889773900866,0.2777777777777778,-0.18646916038613515,329,O
Scottie Montgomery,East Carolina,2,2016,2018,3,35,9,15.547016950232393,-6.547016950232393,0.2571428571428571,-0.18705762714949695,330,O
Jeremy Pruitt,Tennessee,2,2018,2020,3,35,16,22.627796479915588,-6.627796479915588,0.45714285714285713,-0.18936561371187394,331,D
Matt Canada,Maryland,2,2018,2018,1,12,5,7.282009627991953,-2.282009627991953,0.4166666666666667,-0.19016746899932943,332,
Pete Lembo,Ball State,1,2015,2015,1,12,3,5.2993250988405105,-2.2993250988405105,0.25,-0.19161042490337588,333,D
Barry Odom,Purdue,4,2025,2025,1,12,2,4.3032936608688495,-2.3032936608688495,0.16666666666666666,-0.19194113840573745,334,D
Bill Belichick,North Carolina,3,2025,2025,1,12,2,4.319254332785873,-2.3192543327858726,0.16666666666666666,-0.1932711943988227,335,D
Dana Dimel,UTEP,2,2018,2023,5,61,17,29.092912666075694,-12.092912666075694,0.2786885245901639,-0.1982444699356671,336,O
Zach Arnett,Mississippi State,4,2023,2023,1,10,4,6.022672986625284,-2.0226729866252837,0.4,-0.20226729866252838,337,
Joe Moorhead,Akron,3,2022,2025,4,48,11,20.738923550030368,-9.738923550030368,0.22916666666666666,-0.20289424062563266,338,O
Walt Bell,UMass,2,2019,2021,2,21,2,6.321426211583091,-4.321426211583091,0.09523809523809523,-0.20578220055157578,339,O
Jake Spavital,Texas State,3,2019,2022,4,48,13,23.05815101441125,-10.058151014411251,0.2708333333333333,-0.2095448128002344,340,O
Mike MacIntyre,Florida International,3,2022,2024,3,36,12,19.58964418942359,-7.589644189423591,0.3333333333333333,-0.21082344970621086,341,D
Kevin Wilson,Tulsa,2,2023,2024,2,23,7,11.849438534476093,-4.849438534476093,0.30434782608695654,-0.2108451536728736,342,O
Mark Whipple,UMass,1,2015,2018,4,48,13,23.177051009601236,-10.177051009601236,0.2708333333333333,-0.21202189603335908,343,O
Mike Jinks,Bowling Green,2,2016,2017,2,24,6,11.09318519460465,-5.093185194604651,0.25,-0.2122160497751938,344,O
Gary Andersen,Oregon State,1,2015,2016,2,24,6,11.094887428466691,-5.094887428466691,0.25,-0.21228697618611214,345,D
Larry Coker,UT San Antonio,1,2015,2015,1,12,3,5.590556845136697,-2.590556845136697,0.25,-0.21587973709472474,346,O
Paul Rhoads,Iowa State,1,2015,2015,1,12,3,5.62156880937868,-2.6215688093786804,0.25,-0.21846406744822336,347,D
Karl Dorrell,Colorado,3,2021,2021,1,12,4,6.651431176819939,-2.651431176819939,0.3333333333333333,-0.22095259806832823,348,O
Charlie Strong,Texas,1,2015,2016,2,24,10,15.355040965892847,-5.355040965892847,0.4166666666666667,-0.22312670691220196,349,D
Kyle Flood,Rutgers,1,2015,2015,1,12,4,6.681648660539672,-2.681648660539672,0.3333333333333333,-0.22347072171163931,350,O
Bobby Petrino,Western Kentucky,3,2018,2018,1,10,2,4.268439358953277,-2.2684393589532768,0.2,-0.22684393589532767,351,O
David Bailiff,Rice,1,2015,2017,3,36,9,17.20608775249437,-8.20608775249437,0.25,-0.22794688201373248,352,D
Lovie Smith,Illinois,2,2016,2019,4,49,15,26.308133658759797,-11.308133658759797,0.30612244897959184,-0.2307782379338734,353,D
Todd Berry,Louisiana Monroe,1,2015,2015,1,12,2,4.781889793861451,-2.781889793861451,0.16666666666666666,-0.23182414948845423,354,O
Everett Withers,Texas State,2,2016,2018,3,35,7,15.143370124717222,-8.143370124717222,0.2,-0.23266771784906348,355,D
Jeff Choate,Nevada,4,2024,2025,2,25,4,9.820149025591252,-5.8201490255912525,0.16,-0.2328059610236501,356,D
Willie Taggart,Florida State,2,2018,2019,2,21,9,13.931300520977931,-4.931300520977931,0.42857142857142855,-0.23482383433228243,357,O
Curtis Johnson,Tulane,1,2015,2015,1,12,3,5.88978735767292,-2.88978735767292,0.25,-0.24081561313941,358,O
Scott Frost,Nebraska,2,2018,2021,3,36,12,20.703952944232316,-8.703952944232316,0.3333333333333333,-0.24177647067311991,359,O
Paul Haynes,Kent State,1,2015,2017,3,36,8,16.708355210956327,-8.708355210956327,0.2222222222222222,-0.24189875585989798,360,D
Biff Poggi,Charlotte,3,2023,2024,2,22,6,11.40136985901814,-5.401369859018139,0.2727272727272727,-0.24551681177355178,361,O
Brad Lambert,Charlotte,1,2015,2018,4,48,12,23.987313892181305,-11.987313892181305,0.25,-0.24973570608711051,362,D
Steve Addazio,Colorado State,2,2021,2021,1,12,3,6.035562455228608,-3.0355624552286082,0.25,-0.25296353793571735,363,O
Charlie Partridge,Florida Atlantic,1,2015,2016,2,24,6,12.116974756284963,-6.116974756284963,0.25,-0.2548739481785401,364,D
Tom Herman,Florida Atlantic,4,2023,2024,2,22,6,11.719059541446494,-5.719059541446494,0.2727272727272727,-0.25995725188393154,365,O
Dennis Franchione,Texas State,1,2015,2015,1,12,3,6.137390344429596,-3.137390344429596,0.25,-0.26144919536913297,366,O
Randy Edsall,Connecticut,2,2017,2019,3,36,6,15.600187246721315,-9.600187246721315,0.16666666666666666,-0.266671867964481,367,D
Dell McGee,Georgia State,3,2024,2025,2,24,4,10.447100646588307,-6.447100646588307,0.16666666666666666,-0.26862919360784615,368,O
Stan Drayton,Temple,4,2022,2024,3,34,9,18.52736669077979,-9.52736669077979,0.2647058823529412,-0.28021666737587614,369,O
Ken Wilson,Nevada,3,2022,2023,2,24,4,10.897253803232996,-6.897253803232996,0.16666666666666666,-0.28738557513470814,370,D
Tre Lamb,Tulsa,3,2025,2025,1,12,2,5.451360985510451,-3.4513609855104512,0.16666666666666666,-0.28761341545920427,371,O
Harlon Barnett,Michigan State,3,2023,2023,1,10,2,4.8846975021324415,-2.8846975021324415,0.2,-0.28846975021324417,372,
Derek Mason,Middle Tennessee,2,2024,2025,2,24,4,11.22845856866026,-7.22845856866026,0.16666666666666666,-0.3011857736941775,373,D
Troy Taylor,Stanford,2,2023,2024,2,24,6,13.229680803690009,-7.229680803690009,0.25,-0.30123670015375037,374,O
Les Miles,Kansas,2,2019,2020,2,21,3,9.414844026230734,-6.414844026230734,0.14285714285714285,-0.30546876315384447,375,O
Ryan Walters,Purdue,3,2023,2024,2,24,5,12.353168621254884,-7.353168621254884,0.20833333333333334,-0.3063820258856202,376,D
Geoff Collins,Georgia Tech,2,2019,2021,3,34,9,19.42649703579846,-10.426497035798459,0.2647058823529412,-0.30666167752348406,377,D
Lou Spanos,Connecticut,3,2021,2021,1,10,1,4.190693124074334,-3.1906931240743344,0.1,-0.3190693124074334,378,D
Don Brown,UMass,3,2022,2024,3,34,6,16.90070647961517,-10.90070647961517,0.17647058823529413,-0.3206090141063285,379,D
Darrell Hazell,Purdue,1,2015,2015,1,12,2,5.8660235411455695,-3.8660235411455695,0.16666666666666666,-0.32216862842879745,380,O
Chris Ash,Rutgers,2,2016,2018,3,36,7,18.71414123670217,-11.714141236702169,0.19444444444444445,-0.32539281213061577,381,D
David Beaty,Kansas,1,2015,2018,4,48,6,22.510129807790758,-16.510129807790758,0.125,-0.34396103766230746,382,O
Kenni Burns,Kent State,3,2023,2024,2,24,1,9.625831190275576,-8.625831190275576,0.041666666666666664,-0.35940963292814904,383,O
Jeff Scott,South Florida,3,2020,2022,3,30,4,14.809608775489552,-10.809608775489552,0.13333333333333333,-0.3603202925163184,384,O
Tom Arth,Akron,2,2019,2021,2,21,2,9.593873422976486,-7.593873422976486,0.09523809523809523,-0.36161302014173746,385,O
Donte Williams,USC,2,2021,2021,1,10,3,6.843569132779841,-3.843569132779841,0.3,-0.3843569132779841,386,D
Chad Morris,Arkansas,2,2018,2019,2,22,4,12.76700073163127,-8.76700073163127,0.18181818181818182,-0.39850003325596683,387,O
